{
	"partitions" : [
		{
			"name" : "Top",
			"pins" : [
				{
					"name" : "Hundreds[0]",
					"strict" : false
				},
				{
					"name" : "Hundreds[1]",
					"strict" : false
				},
				{
					"name" : "Tens[0]",
					"strict" : false
				},
				{
					"name" : "Tens[1]",
					"strict" : false
				},
				{
					"name" : "Tens[2]",
					"strict" : false
				},
				{
					"name" : "Tens[3]",
					"strict" : false
				},
				{
					"name" : "Ones[0]",
					"strict" : false
				},
				{
					"name" : "Ones[1]",
					"strict" : false
				},
				{
					"name" : "Ones[2]",
					"strict" : false
				},
				{
					"name" : "Ones[3]",
					"strict" : false
				},
				{
					"name" : "Byte[7]",
					"strict" : false
				},
				{
					"name" : "Byte[4]",
					"strict" : false
				},
				{
					"name" : "Byte[6]",
					"strict" : false
				},
				{
					"name" : "Byte[5]",
					"strict" : false
				},
				{
					"name" : "Byte[3]",
					"strict" : false
				},
				{
					"name" : "Byte[2]",
					"strict" : false
				},
				{
					"name" : "Byte[1]",
					"strict" : false
				},
				{
					"name" : "Byte[0]",
					"strict" : false
				}
			]
		}
	]
}