{
	"partitions" : [
		{
			"name" : "Top",
			"pins" : [
				{
					"name" : "Q[0]",
					"strict" : false
				},
				{
					"name" : "Q[1]",
					"strict" : false
				},
				{
					"name" : "Q[2]",
					"strict" : false
				},
				{
					"name" : "Q[3]",
					"strict" : false
				},
				{
					"name" : "nSet",
					"strict" : false
				},
				{
					"name" : "UpDown",
					"strict" : false
				},
				{
					"name" : "nReset",
					"strict" : false
				},
				{
					"name" : "Clk",
					"strict" : false
				}
			]
		}
	]
}