{
	"partitions" : [
		{
			"name" : "Top",
			"pins" : [
				{
					"name" : "Q[0]",
					"strict" : false
				},
				{
					"name" : "Q[1]",
					"strict" : false
				},
				{
					"name" : "Q[2]",
					"strict" : false
				},
				{
					"name" : "Q[3]",
					"strict" : false
				},
				{
					"name" : "Q[4]",
					"strict" : false
				},
				{
					"name" : "Q[5]",
					"strict" : false
				},
				{
					"name" : "Q[6]",
					"strict" : false
				},
				{
					"name" : "Q[7]",
					"strict" : false
				},
				{
					"name" : "Q[8]",
					"strict" : false
				},
				{
					"name" : "Q[9]",
					"strict" : false
				},
				{
					"name" : "Modulo[0]",
					"strict" : false
				},
				{
					"name" : "UpDown",
					"strict" : false
				},
				{
					"name" : "nSet",
					"strict" : false
				},
				{
					"name" : "nReset",
					"strict" : false
				},
				{
					"name" : "Modulo[6]",
					"strict" : false
				},
				{
					"name" : "Modulo[5]",
					"strict" : false
				},
				{
					"name" : "Modulo[4]",
					"strict" : false
				},
				{
					"name" : "Modulo[3]",
					"strict" : false
				},
				{
					"name" : "Modulo[2]",
					"strict" : false
				},
				{
					"name" : "Modulo[1]",
					"strict" : false
				},
				{
					"name" : "Clk",
					"strict" : false
				}
			]
		}
	]
}